source_file,source_sheet,project_ean,solicitation_no,letting_date,bid_schedule_name,bid_schedule_type,bid_schedule_code,bidder_name_raw,bidder_name_canonical,bidder_type,sum_line_total_price,sum_line_total_price_calc,line_item_count,missing_total_price_count,missing_unit_price_count,schedule_total,delta_total_price,delta_total_price_calc,delta_abs,delta_pct,tolerance_amount_used,tolerance_pct_used,within_tolerance,suspected_root_cause
HIO Runway 13R-31L Bid Tab.xlsx,Bid Tabulation,2019D031,2022-10081,2026-02-02,Bid Tabulation,BASE,,Engineer's Estimate,ENGINEER'S ESTIMATE,ENGINEERS_ESTIMATE,10235723.8,10235723.8,85,0,0,10235723.8,0.0,0.0,0.0,0.0,5.0,0.02,True,OTHER
HIO Runway 13R-31L Bid Tab.xlsx,Bid Tabulation,2019D031,2022-10081,2026-02-02,Bid Tabulation,BASE,,"K & E Excavating, Inc.",K & E EXCAVATING INC.,CONTRACTOR,8933240.0,8933240.0,85,0,0,8933240.0,0.0,0.0,0.0,0.0,5.0,0.02,True,OTHER
HIO Runway 13R-31L Bid Tab.xlsx,Bid Tabulation,2019D031,2022-10081,2026-02-02,Bid Tabulation,BASE,,Kerr Contractors Oregon LCC,KERR CONTRACTORS OREGON LCC,CONTRACTOR,8574914.0,8574914.0,85,0,0,8574914.0,0.0,0.0,0.0,0.0,5.0,0.02,True,OTHER
HIO Runway 13R-31L Bid Tab.xlsx,Bid Tabulation,2019D031,2022-10081,2026-02-02,Bid Tabulation,BASE,,Kodiak Pacific Construction,KODIAK PACIFIC CONSTRUCTION,CONTRACTOR,9791361.5,9791361.5,85,0,0,9791361.5,0.0,0.0,0.0,0.0,5.0,0.02,True,OTHER
HIO Runway and Taxway Seals Bid Tab.xlsx,Alternate Bid Tabulation,2023D018,2024-10519,2026-01-26,Alternate Bid Tabulation,ALTERNATE,ALT_BID,American Road Maintenance,AMERICAN ROAD MAINTENANCE,CONTRACTOR,34490.0,34490.0,9,0,3,34490.0,0.0,0.0,0.0,0.0,5.0,0.02,True,PLACEHOLDERS
HIO Runway and Taxway Seals Bid Tab.xlsx,Alternate Bid Tabulation,2023D018,2024-10519,2026-01-26,Alternate Bid Tabulation,ALTERNATE,ALT_BID,"C.R. Contracting, LLC",C.R CONTRACTING LLC,CONTRACTOR,39806.0,39806.0,9,0,3,39806.0,0.0,0.0,0.0,0.0,5.0,0.02,True,PLACEHOLDERS
HIO Runway and Taxway Seals Bid Tab.xlsx,Alternate Bid Tabulation,2023D018,2024-10519,2026-01-26,Alternate Bid Tabulation,ALTERNATE,ALT_BID,Engineer's Estimate,ENGINEER'S ESTIMATE,ENGINEERS_ESTIMATE,59873.0,59873.0,9,0,3,59873.0,0.0,0.0,0.0,0.0,5.0,0.02,True,PLACEHOLDERS
HIO Runway and Taxway Seals Bid Tab.xlsx,Alternate Bid Tabulation,2023D018,2024-10519,2026-01-26,Alternate Bid Tabulation,ALTERNATE,ALT_BID,"Specialized Pavement Marking, LLC",SPECIALIZED PAVEMENT MARKING LLC,CONTRACTOR,52801.2,52801.2,9,0,3,52801.2,0.0,0.0,0.0,0.0,5.0,0.02,True,PLACEHOLDERS
HIO Runway and Taxway Seals Bid Tab.xlsx,Base Bid Tabulation,2023D018,2024-10519,2026-01-26,Base Bid Tabulation,BASE,,American Road Maintenance,AMERICAN ROAD MAINTENANCE,CONTRACTOR,911020.0,911020.0,9,0,0,911020.0,0.0,0.0,0.0,0.0,5.0,0.02,True,OTHER
HIO Runway and Taxway Seals Bid Tab.xlsx,Base Bid Tabulation,2023D018,2024-10519,2026-01-26,Base Bid Tabulation,BASE,,"C.R. Contracting, LLC",C.R CONTRACTING LLC,CONTRACTOR,1236869.0,1236869.0,9,0,0,1236869.0,0.0,0.0,0.0,0.0,5.0,0.02,True,OTHER
HIO Runway and Taxway Seals Bid Tab.xlsx,Base Bid Tabulation,2023D018,2024-10519,2026-01-26,Base Bid Tabulation,BASE,,Engineer's Estimate,ENGINEER'S ESTIMATE,ENGINEERS_ESTIMATE,1490473.0,1490473.0,9,0,0,1490473.0,0.0,0.0,0.0,0.0,5.0,0.02,True,OTHER
HIO Runway and Taxway Seals Bid Tab.xlsx,Base Bid Tabulation,2023D018,2024-10519,2026-01-26,Base Bid Tabulation,BASE,,"Specialized Pavement Marking, LLC",SPECIALIZED PAVEMENT MARKING LLC,CONTRACTOR,1314785.0,1314785.0,9,0,0,1314785.0,0.0,0.0,0.0,0.0,5.0,0.02,True,OTHER
PDX Lift Station Bid Tab.xlsx,Alternate Bid Tabulation,2023D025,2024-10566,2025-03-10,Alternate Bid Tabulation,ALTERNATE,ALT_BID,Engineer's Estimate,ENGINEER'S ESTIMATE,ENGINEERS_ESTIMATE,868647.5,868647.5,25,0,0,868647.5,0.0,0.0,0.0,0.0,5.0,0.02,True,OTHER
PDX Lift Station Bid Tab.xlsx,Alternate Bid Tabulation,2023D025,2024-10566,2025-03-10,Alternate Bid Tabulation,ALTERNATE,ALT_BID,"MJ Hughes Construction, Inc.",MJ HUGHES CONSTRUCTION INC.,CONTRACTOR,924860.0,924860.0,25,0,0,924860.0,0.0,0.0,0.0,0.0,5.0,0.02,True,OTHER
PDX Lift Station Bid Tab.xlsx,Base Bid Tabulation,2023D025,2024-10566,2025-03-10,Base Bid Tabulation,BASE,,Engineer's Estimate,ENGINEER'S ESTIMATE,ENGINEERS_ESTIMATE,802978.5,802978.5,25,0,0,802978.5,0.0,0.0,0.0,0.0,5.0,0.02,True,OTHER
PDX Lift Station Bid Tab.xlsx,Base Bid Tabulation,2023D025,2024-10566,2025-03-10,Base Bid Tabulation,BASE,,"MJ Hughes Construction, Inc.",MJ HUGHES CONSTRUCTION INC.,CONTRACTOR,837232.5,837232.5,25,0,0,837232.5,0.0,0.0,0.0,0.0,5.0,0.02,True,OTHER
PDX ORANG Reversion Areas Bid Tab.xlsx,Bid Tabulation,2021D001,2022-10053,2025-02-25,Bid Tabulation,BASE,,Engineer's Estimate,ENGINEER'S ESTIMATE,ENGINEERS_ESTIMATE,3120429.09875,3120429.09875,67,0,0,3120429.09875,0.0,0.0,0.0,0.0,5.0,0.02,True,OTHER
PDX ORANG Reversion Areas Bid Tab.xlsx,Bid Tabulation,2021D001,2022-10053,2025-02-25,Bid Tabulation,BASE,,Kodiak Pacific Construction Co.,KODIAK PACIFIC CONSTRUCTION CO.,CONTRACTOR,3002271.0,3002271.0,67,0,0,3002271.0,0.0,0.0,0.0,0.0,5.0,0.02,True,OTHER
PDX ORANG Reversion Areas Bid Tab.xlsx,Bid Tabulation,2021D001,2022-10053,2025-02-25,Bid Tabulation,BASE,,Magnum Power LLC,MAGNUM POWER LLC,CONTRACTOR,2871075.0,2871075.0,67,0,0,2871075.0,0.0,0.0,0.0,0.0,5.0,0.02,True,OTHER
"PDX Taxways A, K, T Bid Tab.xlsx",Alternate Bid Tabulation,2022D028,2023-10399,2026-01-20,Alternate Bid Tabulation,ALTERNATE,ALT_BID,Engineer's Estimate,ENGINEER'S ESTIMATE,ENGINEERS_ESTIMATE,1110601.0,1110601.0,21,0,0,10205253.0,-9094652.0,-9094652.0,9094652.0,0.8911735946183794,5.0,0.02,False,OTHER
"PDX Taxways A, K, T Bid Tab.xlsx",Alternate Bid Tabulation,2022D028,2023-10399,2026-01-20,Alternate Bid Tabulation,ALTERNATE,ALT_BID,Granite Construction Company,GRANITE CONSTRUCTION COMPANY,CONTRACTOR,1018239.6699999999,1018239.6699999999,21,0,0,10938063.83,-9919824.16,-9919824.16,9919824.16,0.9069086004776039,5.0,0.02,False,OTHER
"PDX Taxways A, K, T Bid Tab.xlsx",Alternate Bid Tabulation,2022D028,2023-10399,2026-01-20,Alternate Bid Tabulation,ALTERNATE,ALT_BID,"K & E Excavating, Inc.",K & E EXCAVATING INC.,CONTRACTOR,1095921.75,1095921.75,21,0,0,10406032.75,-9310111.0,-9310111.0,9310111.0,0.8946839995290232,5.0,0.02,False,OTHER
"PDX Taxways A, K, T Bid Tab.xlsx",Alternate Bid Tabulation,2022D028,2023-10399,2026-01-20,Alternate Bid Tabulation,ALTERNATE,ALT_BID,Kerr Contractors Oregon LLC,KERR CONTRACTORS OREGON LLC,CONTRACTOR,1218247.25,1218247.25,21,0,0,12340448.25,-11122201.0,-11122201.0,11122201.0,0.901280145962283,5.0,0.02,False,OTHER
"PDX Taxways A, K, T Bid Tab.xlsx",Alternate Bid Tabulation,2022D028,2023-10399,2026-01-20,Alternate Bid Tabulation,ALTERNATE,ALT_BID,"Lakeside Industries, Inc.",LAKESIDE INDUSTRIES INC.,CONTRACTOR,967073.0,967073.0,21,0,0,10580625.5,-9613552.5,-9613552.5,9613552.5,0.9085996380837787,5.0,0.02,False,OTHER
"PDX Taxways A, K, T Bid Tab.xlsx",Base Bid Tabulation,2022D028,2023-10399,2026-01-20,Base Bid Tabulation,BASE,,Engineer's Estimate,ENGINEER'S ESTIMATE,ENGINEERS_ESTIMATE,9294052.0,9294052.0,53,0,0,9294052.0,0.0,0.0,0.0,0.0,5.0,0.02,True,OTHER
"PDX Taxways A, K, T Bid Tab.xlsx",Base Bid Tabulation,2022D028,2023-10399,2026-01-20,Base Bid Tabulation,BASE,,Granite Construction Company,GRANITE CONSTRUCTION COMPANY,CONTRACTOR,9919824.16,9919824.16,53,0,0,9919824.16,0.0,0.0,0.0,0.0,5.0,0.02,True,OTHER
"PDX Taxways A, K, T Bid Tab.xlsx",Base Bid Tabulation,2022D028,2023-10399,2026-01-20,Base Bid Tabulation,BASE,,"K & E Excavating, Inc.",K & E EXCAVATING INC.,CONTRACTOR,9310111.0,9310111.0,53,0,0,9310111.0,0.0,0.0,0.0,0.0,5.0,0.02,True,OTHER
"PDX Taxways A, K, T Bid Tab.xlsx",Base Bid Tabulation,2022D028,2023-10399,2026-01-20,Base Bid Tabulation,BASE,,Kerr Contractors Oregon LLC,KERR CONTRACTORS OREGON LLC,CONTRACTOR,11122201.0,11122201.0,53,0,0,11122201.0,0.0,0.0,0.0,0.0,5.0,0.02,True,OTHER
"PDX Taxways A, K, T Bid Tab.xlsx",Base Bid Tabulation,2022D028,2023-10399,2026-01-20,Base Bid Tabulation,BASE,,"Lakeside Industries, Inc.",LAKESIDE INDUSTRIES INC.,CONTRACTOR,9613552.5,9613552.5,53,0,0,9613552.5,0.0,0.0,0.0,0.0,5.0,0.02,True,OTHER
PDX-RON Bid Tab.xlsx,Bid Tabulation,2018D029,2020-8113,2020-01-14,Bid Tabulation,BASE,,Engineer's Estimate,ENGINEER'S ESTIMATE,ENGINEERS_ESTIMATE,11033119.0,11033119.0,80,0,0,11033119.0,0.0,0.0,0.0,0.0,5.0,0.02,True,OTHER
PDX-RON Bid Tab.xlsx,Bid Tabulation,2018D029,2020-8113,2020-01-14,Bid Tabulation,BASE,,Goodfellows Bros. LLC,GOODFELLOWS BROS LLC,CONTRACTOR,14365415.0,14365415.0,80,0,0,14365415.0,0.0,0.0,0.0,0.0,5.0,0.02,True,OTHER
PDX-RON Bid Tab.xlsx,Bid Tabulation,2018D029,2020-8113,2020-01-14,Bid Tabulation,BASE,,"K&E Excavating, Inc.",K&E EXCAVATING INC.,CONTRACTOR,11259886.0,11259886.0,80,0,0,11259886.0,0.0,0.0,0.0,0.0,5.0,0.02,True,OTHER
PDX-RON Bid Tab.xlsx,Bid Tabulation,2018D029,2020-8113,2020-01-14,Bid Tabulation,BASE,,Kerr Contractors Oregon LLC,KERR CONTRACTORS OREGON LLC,CONTRACTOR,11998920.0,11998920.0,80,0,0,11998919.999999998,1.862645149230957e-09,1.862645149230957e-09,1.862645149230957e-09,1.5523440019859766e-16,5.0,0.02,True,OTHER
PDX-RON Bid Tab.xlsx,Bid Tabulation,2018D029,2020-8113,2020-01-14,Bid Tabulation,BASE,,Kodiak Pacific Construction,KODIAK PACIFIC CONSTRUCTION,CONTRACTOR,10558558.0,10558558.0,80,0,0,10558558.0,0.0,0.0,0.0,0.0,5.0,0.02,True,OTHER
PDX-RON Bid Tab.xlsx,Bid Tabulation,2018D029,2020-8113,2020-01-14,Bid Tabulation,BASE,,Nutter Corporation,NUTTER CORPORATION,CONTRACTOR,11071755.22,11071755.22,80,0,0,11071755.22,0.0,0.0,0.0,0.0,5.0,0.02,True,OTHER
PDX-RON Bid Tab.xlsx,Bid Tabulation,2018D029,2020-8113,2020-01-14,Bid Tabulation,BASE,,"Tapani, Inc.",TAPANI INC.,CONTRACTOR,10834562.95,10834562.95,80,0,0,10834562.95,0.0,0.0,0.0,0.0,5.0,0.02,True,OTHER
PDX-RON Bid Tab.xlsx,Bid Tabulation,2018D029,2020-8113,2020-01-14,Bid Tabulation,BASE,,Weitman Excavation,WEITMAN EXCAVATION,CONTRACTOR,10142018.0,10142018.0,80,0,0,10142018.0,0.0,0.0,0.0,0.0,5.0,0.02,True,OTHER
PDX-RON Ph2 Bid Tab.xlsx,Bid Tabulation,2022D027,2023-10352,2024-12-18,Bid Tabulation,BASE,,Engineer's Estimate,ENGINEER'S ESTIMATE,ENGINEERS_ESTIMATE,1563798.75,1563798.75,36,0,0,1563798.75,0.0,0.0,0.0,0.0,5.0,0.02,True,OTHER
PDX-RON Ph2 Bid Tab.xlsx,Bid Tabulation,2022D027,2023-10352,2024-12-18,Bid Tabulation,BASE,,"K&E Excavating, Inc.",K&E EXCAVATING INC.,CONTRACTOR,2550718.0,2550718.0,36,0,0,2550718.0,0.0,0.0,0.0,0.0,5.0,0.02,True,OTHER
PDX-RON Ph2 Bid Tab.xlsx,Bid Tabulation,2022D027,2023-10352,2024-12-18,Bid Tabulation,BASE,,Kodiak Pacific Construction,KODIAK PACIFIC CONSTRUCTION,CONTRACTOR,1958333.0,1958333.0,36,0,0,1958333.0,0.0,0.0,0.0,0.0,5.0,0.02,True,OTHER
PDX-RON Ph2 Bid Tab.xlsx,Bid Tabulation,2022D027,2023-10352,2024-12-18,Bid Tabulation,BASE,,Lee Contractors LLC,LEE CONTRACTORS LLC,CONTRACTOR,1862355.0,1862355.0,36,0,0,1862355.0,0.0,0.0,0.0,0.0,5.0,0.02,True,OTHER
PDX-RON Ph2 Bid Tab.xlsx,Bid Tabulation,2022D027,2023-10352,2024-12-18,Bid Tabulation,BASE,,"M.J. Hughes Construction, Inc.",M.J HUGHES CONSTRUCTION INC.,CONTRACTOR,2273100.0,2273100.0,36,0,0,2273100.0,0.0,0.0,0.0,0.0,5.0,0.02,True,OTHER
PDX-RON Ph2 Bid Tab.xlsx,Bid Tabulation,2022D027,2023-10352,2024-12-18,Bid Tabulation,BASE,,Nutter Corporation,NUTTER CORPORATION,CONTRACTOR,1620977.0,1620977.0,36,0,0,1620977.0,0.0,0.0,0.0,0.0,5.0,0.02,True,OTHER
PDX_15D147BidTab.xlsx,Bid Tab A (FAA),2015D147,2016-6920,2017-01-19,Bid Tab A (FAA),BASE,,Engineer's Estimate,ENGINEER'S ESTIMATE,ENGINEERS_ESTIMATE,16044599.75,16044599.75,133,44,0,,,,,,5.0,0.02,False,TOTALS_SCOPE
PDX_15D147BidTab.xlsx,Bid Tab A (FAA),2015D147,2016-6920,2017-01-19,Bid Tab A (FAA),BASE,,"Goodfella Bros., Inc.",GOODFELLA BROS INC.,CONTRACTOR,18996299.0,18996299.0,133,44,0,,,,,,5.0,0.02,False,TOTALS_SCOPE
PDX_15D147BidTab.xlsx,Bid Tab A (FAA),2015D147,2016-6920,2017-01-19,Bid Tab A (FAA),BASE,,"K&E Excavating, Inc.",K&E EXCAVATING INC.,CONTRACTOR,17412805.5,17412805.5,133,44,0,,,,,,5.0,0.02,False,TOTALS_SCOPE
PDX_15D147BidTab.xlsx,Bid Tab A (FAA),2015D147,2016-6920,2017-01-19,Bid Tab A (FAA),BASE,,"Kerr Contractors Oregon, Inc.",KERR CONTRACTORS OREGON INC.,CONTRACTOR,18207364.25,18207364.25,133,44,0,,,,,,5.0,0.02,False,TOTALS_SCOPE
PDX_15D147BidTab.xlsx,Bid Tab A (FAA),2015D147,2016-6920,2017-01-19,Bid Tab A (FAA),BASE,,Kodiak Pacific Construction,KODIAK PACIFIC CONSTRUCTION,CONTRACTOR,21121275.85,21121275.85,133,44,0,,,,,,5.0,0.02,False,TOTALS_SCOPE
PDX_15D147BidTab.xlsx,Bid Tab A (FAA),2015D147,2016-6920,2017-01-19,Bid Tab A (FAA),BASE,,Nutter Corp.,NUTTER CORP.,CONTRACTOR,16750780.969999999,16750780.969999999,133,44,0,,,,,,5.0,0.02,False,TOTALS_SCOPE
PDX_15D147BidTab.xlsx,Bid Tab A (FAA),2015D147,2016-6920,2017-01-19,Bid Tab A (FAA),BASE,,Wildish Standard Paving Co.,WILDISH STANDARD PAVING CO.,CONTRACTOR,17797411.0,17797411.0,133,44,0,,,,,,5.0,0.02,False,TOTALS_SCOPE
PDX_15D147BidTab.xlsx,Bid Tab B (Port),2015D147,2016-6920,2017-01-19,Bid Tab B (Port),BASE,,Engineer's Estimate,ENGINEER'S ESTIMATE,ENGINEERS_ESTIMATE,8231.25,8231.25,16,12,0,,,,,,5.0,0.02,False,TOTALS_SCOPE
PDX_15D147BidTab.xlsx,Bid Tab B (Port),2015D147,2016-6920,2017-01-19,Bid Tab B (Port),BASE,,"Goodfella Bros., Inc.",GOODFELLA BROS INC.,CONTRACTOR,22780.0,22780.0,16,12,0,,,,,,5.0,0.02,False,TOTALS_SCOPE
PDX_15D147BidTab.xlsx,Bid Tab B (Port),2015D147,2016-6920,2017-01-19,Bid Tab B (Port),BASE,,"K&E Excavating, Inc.",K&E EXCAVATING INC.,CONTRACTOR,3332.5,3332.5,16,12,0,,,,,,5.0,0.02,False,TOTALS_SCOPE
PDX_15D147BidTab.xlsx,Bid Tab B (Port),2015D147,2016-6920,2017-01-19,Bid Tab B (Port),BASE,,"Kerr Contractors Oregon, Inc.",KERR CONTRACTORS OREGON INC.,CONTRACTOR,3918.75,3918.75,16,12,0,,,,,,5.0,0.02,False,TOTALS_SCOPE
PDX_15D147BidTab.xlsx,Bid Tab B (Port),2015D147,2016-6920,2017-01-19,Bid Tab B (Port),BASE,,Kodiak Pacific Construction,KODIAK PACIFIC CONSTRUCTION,CONTRACTOR,0.0,0.0,16,12,0,,,,,,5.0,0.02,False,TOTALS_SCOPE
PDX_15D147BidTab.xlsx,Bid Tab B (Port),2015D147,2016-6920,2017-01-19,Bid Tab B (Port),BASE,,Nutter Corp.,NUTTER CORP.,CONTRACTOR,2940.0,2940.0,16,12,0,,,,,,5.0,0.02,False,TOTALS_SCOPE
PDX_15D147BidTab.xlsx,Bid Tab B (Port),2015D147,2016-6920,2017-01-19,Bid Tab B (Port),BASE,,Wildish Standard Paving Co.,WILDISH STANDARD PAVING CO.,CONTRACTOR,6060.0,6060.0,16,12,0,,,,,,5.0,0.02,False,TOTALS_SCOPE
PDX_2015D006.xlsx,Bid Tab (1-3),2015D006,2015-6576,2016-01-28,Bid Tab (1-3),BASE,,Emery & Sons,EMERY & SONS,CONTRACTOR,2312472.0,2312472.0,30,0,0,2312472.0,0.0,0.0,0.0,0.0,5.0,0.02,True,OTHER
PDX_2015D006.xlsx,Bid Tab (1-3),2015D006,2015-6576,2016-01-28,Bid Tab (1-3),BASE,,James W. Fowler Co.,JAMES W FOWLER CO.,CONTRACTOR,2047715.0,2047715.0,30,0,0,2047715.0,0.0,0.0,0.0,0.0,5.0,0.02,True,OTHER
PDX_2015D006.xlsx,Bid Tab (1-3),2015D006,2015-6576,2016-01-28,Bid Tab (1-3),BASE,,"K&E Excavating, Inc.",K&E EXCAVATING INC.,CONTRACTOR,1843275.0,1843275.0,30,0,0,1843275.0,0.0,0.0,0.0,0.0,5.0,0.02,True,OTHER
PDX_2015D006.xlsx,Bid Tab (10-12),2015D006,2015-6576,2016-01-28,Bid Tab (10-12),BASE,,"Thompson Bros. Excavating, Inc.",THOMPSON BROS EXCAVATING INC.,CONTRACTOR,2162300.0,2162300.0,30,0,0,2162300.0,0.0,0.0,0.0,0.0,5.0,0.02,True,OTHER
PDX_2015D006.xlsx,Bid Tab (10-12),2015D006,2015-6576,2016-01-28,Bid Tab (10-12),BASE,,"Weitman Excavation, LLC",WEITMAN EXCAVATION LLC,CONTRACTOR,1897247.5,1897247.5,30,0,0,1897247.5,0.0,0.0,0.0,0.0,5.0,0.02,True,OTHER
PDX_2015D006.xlsx,Bid Tab (10-12),2015D006,2015-6576,2016-01-28,Bid Tab (10-12),BASE,,"Wildish Standard Paving, Co.",WILDISH STANDARD PAVING CO.,CONTRACTOR,2240505.0,2240505.0,30,0,0,2240505.0,0.0,0.0,0.0,0.0,5.0,0.02,True,OTHER
PDX_2015D006.xlsx,Bid Tab (4-6),2015D006,2015-6576,2016-01-28,Bid Tab (4-6),BASE,,"Kerr Contractors, Oregon, Inc.",KERR CONTRACTORS OREGON INC.,CONTRACTOR,1935149.0,1935149.0,30,0,0,1935149.0,0.0,0.0,0.0,0.0,5.0,0.02,True,OTHER
PDX_2015D006.xlsx,Bid Tab (4-6),2015D006,2015-6576,2016-01-28,Bid Tab (4-6),BASE,,"MJ Hughes Construction, Inc.",MJ HUGHES CONSTRUCTION INC.,CONTRACTOR,2148275.0,2148275.0,30,0,0,2148275.0,0.0,0.0,0.0,0.0,5.0,0.02,True,OTHER
PDX_2015D006.xlsx,Bid Tab (4-6),2015D006,2015-6576,2016-01-28,Bid Tab (4-6),BASE,,"Moore Excavation, Inc.",MOORE EXCAVATION INC.,CONTRACTOR,2748841.0,2748841.0,30,0,0,2748841.0,0.0,0.0,0.0,0.0,5.0,0.02,True,OTHER
PDX_2015D006.xlsx,Bid Tab (7-9),2015D006,2015-6576,2016-01-28,Bid Tab (7-9),BASE,,Nutter Corporation,NUTTER CORPORATION,CONTRACTOR,2213059.2199999997,2213059.2199999997,30,0,0,2213059.2199999997,0.0,0.0,0.0,0.0,5.0,0.02,True,OTHER
PDX_2015D006.xlsx,Bid Tab (7-9),2015D006,2015-6576,2016-01-28,Bid Tab (7-9),BASE,,"Rotshy, Inc.",ROTSHY INC.,CONTRACTOR,1910132.0,1910132.0,30,0,0,1910132.0,0.0,0.0,0.0,0.0,5.0,0.02,True,OTHER
PDX_2015D006.xlsx,Bid Tab (7-9),2015D006,2015-6576,2016-01-28,Bid Tab (7-9),BASE,,"Tapani, Inc.",TAPANI INC.,CONTRACTOR,1994190.0,1994190.0,30,0,0,1994190.0,0.0,0.0,0.0,0.0,5.0,0.02,True,OTHER
PDX_2015D142 BidTab.xlsx,Bid Tab A (RW 3-21),2015D142,2017-6981,2017-05-25,Bid Tab A (RW 3-21),BASE,,Engineer's Estimate,ENGINEER'S ESTIMATE,ENGINEERS_ESTIMATE,4250844.0,4250844.0,46,0,0,4250844.0,0.0,0.0,0.0,0.0,5.0,0.02,True,OTHER
PDX_2015D142 BidTab.xlsx,Bid Tab A (RW 3-21),2015D142,2017-6981,2017-05-25,Bid Tab A (RW 3-21),BASE,,"Goodfellow Bros., Inc.",GOODFELLOW BROS INC.,CONTRACTOR,3983331.0,3983331.0,46,0,0,3983331.0,0.0,0.0,0.0,0.0,5.0,0.02,True,OTHER
PDX_2015D142 BidTab.xlsx,Bid Tab A (RW 3-21),2015D142,2017-6981,2017-05-25,Bid Tab A (RW 3-21),BASE,,"K&E Excavating, Inc.",K&E EXCAVATING INC.,CONTRACTOR,3334545.0,3334545.0,46,0,0,3334545.0,0.0,0.0,0.0,0.0,5.0,0.02,True,OTHER
PDX_2015D142 BidTab.xlsx,Bid Tab A (RW 3-21),2015D142,2017-6981,2017-05-25,Bid Tab A (RW 3-21),BASE,,"Kerr Contractors Oregon, Inc.",KERR CONTRACTORS OREGON INC.,CONTRACTOR,3952661.5,3952661.5,46,0,0,3952661.5,0.0,0.0,0.0,0.0,5.0,0.02,True,OTHER
PDX_2015D142 BidTab.xlsx,Bid Tab A (RW 3-21),2015D142,2017-6981,2017-05-25,Bid Tab A (RW 3-21),BASE,,Kodiak Pacific Construction,KODIAK PACIFIC CONSTRUCTION,CONTRACTOR,3653500.0,3653500.0,46,0,0,3653500.0,0.0,0.0,0.0,0.0,5.0,0.02,True,OTHER
PDX_2015D142 BidTab.xlsx,Bid Tab A (RW 3-21),2015D142,2017-6981,2017-05-25,Bid Tab A (RW 3-21),BASE,,Nutter Corporation,NUTTER CORPORATION,CONTRACTOR,4422280.0,4422280.0,46,0,0,4422280.0,0.0,0.0,0.0,0.0,5.0,0.02,True,OTHER
PDX_2015D142 BidTab.xlsx,Bid Tab B (RSA),2015D142,2017-6981,2017-05-25,Bid Tab B (RSA),BASE,,Engineer's Estimate,ENGINEER'S ESTIMATE,ENGINEERS_ESTIMATE,3037931.5,3037931.5,49,0,0,7288775.5,-4250844.0,-4250844.0,4250844.0,0.5832041335338151,5.0,0.02,False,OTHER
PDX_2015D142 BidTab.xlsx,Bid Tab B (RSA),2015D142,2017-6981,2017-05-25,Bid Tab B (RSA),BASE,,"Goodfellow Bros., Inc.",GOODFELLOW BROS INC.,CONTRACTOR,3896261.0,3896261.0,49,0,0,7879592.0,-3983331.0,-3983331.0,3983331.0,0.5055250322605536,5.0,0.02,False,OTHER
PDX_2015D142 BidTab.xlsx,Bid Tab B (RSA),2015D142,2017-6981,2017-05-25,Bid Tab B (RSA),BASE,,"K&E Excavating, Inc.",K&E EXCAVATING INC.,CONTRACTOR,3401006.0,3401006.0,49,0,0,6735551.0,-3334545.0,-3334545.0,3334545.0,0.49506640213992886,5.0,0.02,False,OTHER
PDX_2015D142 BidTab.xlsx,Bid Tab B (RSA),2015D142,2017-6981,2017-05-25,Bid Tab B (RSA),BASE,,"Kerr Contractors Oregon, Inc.",KERR CONTRACTORS OREGON INC.,CONTRACTOR,4264424.75,4264424.75,49,0,0,8217086.25,-3952661.5,-3952661.5,3952661.5,0.48102957419973535,5.0,0.02,False,OTHER
PDX_2015D142 BidTab.xlsx,Bid Tab B (RSA),2015D142,2017-6981,2017-05-25,Bid Tab B (RSA),BASE,,Kodiak Pacific Construction,KODIAK PACIFIC CONSTRUCTION,CONTRACTOR,3040193.0,3040193.0,49,0,0,6693693.0,-3653500.0,-3653500.0,3653500.0,0.5458123042093505,5.0,0.02,False,OTHER
PDX_2015D142 BidTab.xlsx,Bid Tab B (RSA),2015D142,2017-6981,2017-05-25,Bid Tab B (RSA),BASE,,Nutter Corporation,NUTTER CORPORATION,CONTRACTOR,3415241.2199999997,3415241.2199999997,49,0,0,7837521.22,-4422280.0,-4422280.0,4422280.0,0.5642447243032792,5.0,0.02,False,OTHER
PDX_2016D015 Basin 7.xlsx,Bid Tabulation,2016D015,2017-7254,2017-05-25,Bid Tabulation,BASE,,Engineer's Estimate,ENGINEER'S ESTIMATE,ENGINEERS_ESTIMATE,1991785.0,1991785.0,38,0,0,1991785.0,0.0,0.0,0.0,0.0,5.0,0.02,True,OTHER
PDX_2016D015 Basin 7.xlsx,Bid Tabulation,2016D015,2017-7254,2017-05-25,Bid Tabulation,BASE,,"Goodfellow Bros., Inc.",GOODFELLOW BROS INC.,CONTRACTOR,2080880.0,2080880.0,38,0,0,2080880.0,0.0,0.0,0.0,0.0,5.0,0.02,True,OTHER
PDX_2016D015 Basin 7.xlsx,Bid Tabulation,2016D015,2017-7254,2017-05-25,Bid Tabulation,BASE,,James W. Fowler Co.,JAMES W FOWLER CO.,CONTRACTOR,2182288.0,2182288.0,38,0,0,2182288.0,0.0,0.0,0.0,0.0,5.0,0.02,True,OTHER
PDX_2016D015 Basin 7.xlsx,Bid Tabulation,2016D015,2017-7254,2017-05-25,Bid Tabulation,BASE,,"K&E Excavating, Inc.",K&E EXCAVATING INC.,CONTRACTOR,2105760.0,2105760.0,38,0,0,2105760.0,0.0,0.0,0.0,0.0,5.0,0.02,True,OTHER
PDX_2016D015 Basin 7.xlsx,Bid Tabulation,2016D015,2017-7254,2017-05-25,Bid Tabulation,BASE,,Kodiak Pacific Construction,KODIAK PACIFIC CONSTRUCTION,CONTRACTOR,2460460.0,2460460.0,38,0,0,2460460.0,0.0,0.0,0.0,0.0,5.0,0.02,True,OTHER
PDX_2016D015 Basin 7.xlsx,Bid Tabulation,2016D015,2017-7254,2017-05-25,Bid Tabulation,BASE,,"McClure and Sons, Inc.",MCCLURE AND SONS INC.,CONTRACTOR,2147577.0,2145077.0,38,0,1,2147577.0,0.0,-2500.0,0.0,0.0,5.0,0.02,True,PLACEHOLDERS
PDX_2016D015 Basin 7.xlsx,Bid Tabulation,2016D015,2017-7254,2017-05-25,Bid Tabulation,BASE,,"Moore Excavation, Inc.",MOORE EXCAVATION INC.,CONTRACTOR,2286150.0,2286150.0,38,0,0,2286150.0,0.0,0.0,0.0,0.0,5.0,0.02,True,OTHER
PDX_2016D015 Basin 7.xlsx,Bid Tabulation,2016D015,2017-7254,2017-05-25,Bid Tabulation,BASE,,"TEK Construction, Inc.",TEK CONSTRUCTION INC.,CONTRACTOR,1800000.0,1800000.0,38,0,0,1800000.0,0.0,0.0,0.0,0.0,5.0,0.02,True,OTHER
PDX_2016D018 Airport Way.xlsx,Bid Tabulation,2016D18,2017-7319,2017-05-30,Bid Tabulation,BASE,,Engineer's Estimate,ENGINEER'S ESTIMATE,ENGINEERS_ESTIMATE,3875250.0,3875250.0,19,0,0,3875250.0,0.0,0.0,0.0,0.0,5.0,0.02,True,OTHER
PDX_2016D018 Airport Way.xlsx,Bid Tabulation,2016D18,2017-7319,2017-05-30,Bid Tabulation,BASE,,Granite Construction Company,GRANITE CONSTRUCTION COMPANY,CONTRACTOR,2955955.0,2955955.0,19,0,0,2955955.0,0.0,0.0,0.0,0.0,5.0,0.02,True,OTHER
PDX_2016D018 Airport Way.xlsx,Bid Tabulation,2016D18,2017-7319,2017-05-30,Bid Tabulation,BASE,,"K&E Excavating, Inc.",K&E EXCAVATING INC.,CONTRACTOR,2797065.0,2797065.0,19,0,0,2797065.0,0.0,0.0,0.0,0.0,5.0,0.02,True,OTHER
PDX_2016D018 Airport Way.xlsx,Bid Tabulation,2016D18,2017-7319,2017-05-30,Bid Tabulation,BASE,,"Kerr Contractors Oregon, Inc.",KERR CONTRACTORS OREGON INC.,CONTRACTOR,3386598.0,3386598.0,19,0,0,3386598.0,0.0,0.0,0.0,0.0,5.0,0.02,True,OTHER
PDX_2016D018 Airport Way.xlsx,Bid Tabulation,2016D18,2017-7319,2017-05-30,Bid Tabulation,BASE,,Kodiak Pacific Construction,KODIAK PACIFIC CONSTRUCTION,CONTRACTOR,3605605.0,3605605.0,19,0,0,3605605.0,0.0,0.0,0.0,0.0,5.0,0.02,True,OTHER
PDX_2017D013.xlsx,Bid Tab Alternate A,2017D013,2018-7876,2026-02-09,Bid Tab Alternate A,ALTERNATE,ALT_A,Engineer's Estimate,ENGINEER'S ESTIMATE,ENGINEERS_ESTIMATE,0.0,0.0,17,0,17,0.0,0.0,0.0,0.0,,5.0,0.02,True,PLACEHOLDERS
PDX_2017D013.xlsx,Bid Tab Alternate A,2017D013,2018-7876,2026-02-09,Bid Tab Alternate A,ALTERNATE,ALT_A,Name of Contractor 1,NAME OF CONTRACTOR 1,CONTRACTOR,0.0,0.0,17,0,17,0.0,0.0,0.0,0.0,,5.0,0.02,True,PLACEHOLDERS
PDX_2017D013.xlsx,Bid Tab Alternate A,2017D013,2018-7876,2026-02-09,Bid Tab Alternate A,ALTERNATE,ALT_A,Name of Contractor 2,NAME OF CONTRACTOR 2,CONTRACTOR,0.0,0.0,17,0,17,0.0,0.0,0.0,0.0,,5.0,0.02,True,PLACEHOLDERS
PDX_2017D013.xlsx,Bid Tab Alternate A,2017D013,2018-7876,2026-02-09,Bid Tab Alternate A,ALTERNATE,ALT_A,Name of Contractor 3,NAME OF CONTRACTOR 3,CONTRACTOR,0.0,0.0,17,0,17,0.0,0.0,0.0,0.0,,5.0,0.02,True,PLACEHOLDERS
PDX_2017D013.xlsx,Bid Tab Alternate A,2017D013,2018-7876,2026-02-09,Bid Tab Alternate A,ALTERNATE,ALT_A,Name of Contractor 4,NAME OF CONTRACTOR 4,CONTRACTOR,0.0,0.0,17,0,17,0.0,0.0,0.0,0.0,,5.0,0.02,True,PLACEHOLDERS
PDX_2017D013.xlsx,Bid Tab Alternate A,2017D013,2018-7876,2026-02-09,Bid Tab Alternate A,ALTERNATE,ALT_A,Name of Contractor 5,NAME OF CONTRACTOR 5,CONTRACTOR,0.0,0.0,17,0,17,0.0,0.0,0.0,0.0,,5.0,0.02,True,PLACEHOLDERS
PDX_2017D013.xlsx,Bid Tab Alternate A,2017D013,2018-7876,2026-02-09,Bid Tab Alternate A,ALTERNATE,ALT_A,Name of Contractor 6,NAME OF CONTRACTOR 6,CONTRACTOR,0.0,0.0,17,0,17,0.0,0.0,0.0,0.0,,5.0,0.02,True,PLACEHOLDERS
PDX_2017D013.xlsx,Bid Tab Alternate A,2017D013,2018-7876,2026-02-09,Bid Tab Alternate A,ALTERNATE,ALT_A,Name of Contractor 7,NAME OF CONTRACTOR 7,CONTRACTOR,0.0,0.0,17,0,17,0.0,0.0,0.0,0.0,,5.0,0.02,True,PLACEHOLDERS
PDX_2017D013.xlsx,Bid Tab Alternate A,2017D013,2018-7876,2026-02-09,Bid Tab Alternate A,ALTERNATE,ALT_A,Name of Contractor 8,NAME OF CONTRACTOR 8,CONTRACTOR,0.0,0.0,17,0,17,0.0,0.0,0.0,0.0,,5.0,0.02,True,PLACEHOLDERS
PDX_2017D013.xlsx,Bid Tab Base Bid,2017D013,2018-7876,2026-02-09,Bid Tab Base Bid,BASE,,Engineer's Estimate,ENGINEER'S ESTIMATE,ENGINEERS_ESTIMATE,0.0,0.0,84,1,84,0.0,0.0,0.0,0.0,,5.0,0.02,True,PLACEHOLDERS
PDX_2017D013.xlsx,Bid Tab Base Bid,2017D013,2018-7876,2026-02-09,Bid Tab Base Bid,BASE,,Name of Contractor 1,NAME OF CONTRACTOR 1,CONTRACTOR,0.0,0.0,84,1,84,0.0,0.0,0.0,0.0,,5.0,0.02,True,PLACEHOLDERS
PDX_2017D013.xlsx,Bid Tab Base Bid,2017D013,2018-7876,2026-02-09,Bid Tab Base Bid,BASE,,Name of Contractor 2,NAME OF CONTRACTOR 2,CONTRACTOR,0.0,0.0,84,1,84,0.0,0.0,0.0,0.0,,5.0,0.02,True,PLACEHOLDERS
PDX_2017D013.xlsx,Bid Tab Base Bid,2017D013,2018-7876,2026-02-09,Bid Tab Base Bid,BASE,,Name of Contractor 3,NAME OF CONTRACTOR 3,CONTRACTOR,0.0,0.0,84,1,84,0.0,0.0,0.0,0.0,,5.0,0.02,True,PLACEHOLDERS
PDX_2017D013.xlsx,Bid Tab Base Bid,2017D013,2018-7876,2026-02-09,Bid Tab Base Bid,BASE,,Name of Contractor 4,NAME OF CONTRACTOR 4,CONTRACTOR,0.0,0.0,84,1,84,0.0,0.0,0.0,0.0,,5.0,0.02,True,PLACEHOLDERS
PDX_2017D013.xlsx,Bid Tab Base Bid,2017D013,2018-7876,2026-02-09,Bid Tab Base Bid,BASE,,Name of Contractor 5,NAME OF CONTRACTOR 5,CONTRACTOR,0.0,0.0,84,1,84,0.0,0.0,0.0,0.0,,5.0,0.02,True,PLACEHOLDERS
PDX_2017D013.xlsx,Bid Tab Base Bid,2017D013,2018-7876,2026-02-09,Bid Tab Base Bid,BASE,,Name of Contractor 6,NAME OF CONTRACTOR 6,CONTRACTOR,0.0,0.0,84,1,84,0.0,0.0,0.0,0.0,,5.0,0.02,True,PLACEHOLDERS
PDX_2017D013.xlsx,Bid Tab Base Bid,2017D013,2018-7876,2026-02-09,Bid Tab Base Bid,BASE,,Name of Contractor 7,NAME OF CONTRACTOR 7,CONTRACTOR,0.0,0.0,84,1,84,0.0,0.0,0.0,0.0,,5.0,0.02,True,PLACEHOLDERS
PDX_2017D013.xlsx,Bid Tab Base Bid,2017D013,2018-7876,2026-02-09,Bid Tab Base Bid,BASE,,Name of Contractor 8,NAME OF CONTRACTOR 8,CONTRACTOR,0.0,0.0,84,1,84,0.0,0.0,0.0,0.0,,5.0,0.02,True,PLACEHOLDERS
PDX_2017D029.xlsx,Bid Tabulation,2017D029,2018-7600,2018-04-17,Bid Tabulation,BASE,,"Colvico, Inc.",COLVICO INC.,CONTRACTOR,1106888.0,1106888.0,33,0,0,1106888.0,0.0,0.0,0.0,0.0,5.0,0.02,True,OTHER
PDX_2017D029.xlsx,Bid Tabulation,2017D029,2018-7600,2018-04-17,Bid Tabulation,BASE,,Engineer's Estimate,ENGINEER'S ESTIMATE,ENGINEERS_ESTIMATE,1168910.0,1168910.0,33,0,0,1168910.0,0.0,0.0,0.0,0.0,5.0,0.02,True,OTHER
PDX_2017D029.xlsx,Bid Tabulation,2017D029,2018-7600,2018-04-17,Bid Tabulation,BASE,,Vellutini Corporation dba Royal Electric Company,VELLUTINI CORPORATION DBA ROYAL ELECTRIC COMPANY,CONTRACTOR,1115115.0,1115115.0,33,0,0,1115115.0,0.0,0.0,0.0,0.0,5.0,0.02,True,OTHER
PDX_2018D015.xlsx,Bid Tabulation,2018D015,2019-8315,2020-02-13,Bid Tabulation,BASE,,Engineer's Estimate,ENGINEER'S ESTIMATE,ENGINEERS_ESTIMATE,1154834.0,1154834.0,19,0,0,1154834.0,0.0,0.0,0.0,0.0,5.0,0.02,True,OTHER
PDX_2018D015.xlsx,Bid Tabulation,2018D015,2019-8315,2020-02-13,Bid Tabulation,BASE,,"Interlaken, Inc.",INTERLAKEN INC.,CONTRACTOR,896865.0,896865.0,19,0,0,896865.0,0.0,0.0,0.0,0.0,5.0,0.02,True,OTHER
PDX_2018D015.xlsx,Bid Tabulation,2018D015,2019-8315,2020-02-13,Bid Tabulation,BASE,,Kodiak Pacific Construction,KODIAK PACIFIC CONSTRUCTION,CONTRACTOR,739739.0,739739.0,19,0,0,739739.0,0.0,0.0,0.0,0.0,5.0,0.02,True,OTHER
PDX_2018D015.xlsx,Bid Tabulation,2018D015,2019-8315,2020-02-13,Bid Tabulation,BASE,,"McDonald Excavating, Inc.",MCDONALD EXCAVATING INC.,CONTRACTOR,859054.0,859054.0,19,0,0,859054.0,0.0,0.0,0.0,0.0,5.0,0.02,True,OTHER
PDX_2018D015.xlsx,Bid Tabulation,2018D015,2019-8315,2020-02-13,Bid Tabulation,BASE,,"NTA Contracting, Inc.",NTA CONTRACTING INC.,CONTRACTOR,793777.0,793777.0,19,0,0,793777.0,0.0,0.0,0.0,0.0,5.0,0.02,True,OTHER
PDX_2018D015.xlsx,Bid Tabulation,2018D015,2019-8315,2020-02-13,Bid Tabulation,BASE,,Nutter Corporation,NUTTER CORPORATION,CONTRACTOR,793788.22,793788.22,19,0,0,793788.22,0.0,0.0,0.0,0.0,5.0,0.02,True,OTHER
PDX_2018D015.xlsx,Bid Tabulation,2018D015,2019-8315,2020-02-13,Bid Tabulation,BASE,,"Tapani, Inc.",TAPANI INC.,CONTRACTOR,596016.0,596016.0,19,0,0,596016.0,0.0,0.0,0.0,0.0,5.0,0.02,True,OTHER
PDX_2020D008.xlsx,Bid Tabulation,2020D008,2021-8920,2021-06-04,Bid Tabulation,BASE,,Engineer's Estimate,ENGINEER'S ESTIMATE,ENGINEERS_ESTIMATE,3567690.0,3567690.0,13,0,0,3567690.0,0.0,0.0,0.0,0.0,5.0,0.02,True,OTHER
PDX_2020D008.xlsx,Bid Tabulation,2020D008,2021-8920,2021-06-04,Bid Tabulation,BASE,,Kiewit Infrastructure West Co.,KIEWIT INFRASTRUCTURE WEST CO.,CONTRACTOR,5162112.0,5162112.0,13,0,0,5162112.0,0.0,0.0,0.0,0.0,5.0,0.02,True,OTHER
PDX_2020D008.xlsx,Bid Tabulation,2020D008,2021-8920,2021-06-04,Bid Tabulation,BASE,,"Magnum Power, LLC",MAGNUM POWER LLC,CONTRACTOR,3636850.0,3636850.0,13,0,0,3636850.0,0.0,0.0,0.0,0.0,5.0,0.02,True,OTHER
PDX_2020D008.xlsx,Bid Tabulation,2020D008,2021-8920,2021-06-04,Bid Tabulation,BASE,,"Northeast Electric, LLC",NORTHEAST ELECTRIC LLC,CONTRACTOR,2749983.5,2749983.5,13,0,0,2749983.5,0.0,0.0,0.0,0.0,5.0,0.02,True,OTHER
PDX_2020D008.xlsx,Bid Tabulation,2020D008,2021-8920,2021-06-04,Bid Tabulation,BASE,,"Northstar Electrical Contractors, Inc.",NORTHSTAR ELECTRICAL CONTRACTORS INC.,CONTRACTOR,4545318.0,4545318.0,13,0,0,4545318.0,0.0,0.0,0.0,0.0,5.0,0.02,True,OTHER
PDX_2020D008.xlsx,Bid Tabulation,2020D008,2021-8920,2021-06-04,Bid Tabulation,BASE,,"OEG, Inc.",OEG INC.,CONTRACTOR,2781118.64,2781118.64,13,0,0,2781118.64,0.0,0.0,0.0,0.0,5.0,0.02,True,OTHER
PDX_2020D008.xlsx,Bid Tabulation,2020D008,2021-8920,2021-06-04,Bid Tabulation,BASE,,"PHK Construction, LLC",PHK CONSTRUCTION LLC,CONTRACTOR,3194069.0,3194069.0,13,0,0,3194069.0,0.0,0.0,0.0,0.0,5.0,0.02,True,OTHER
PDX_2020D009.xlsx,Bid Tabulation,2020D009,2023-10179,2023-05-05,Bid Tabulation,BASE,,"Dirt and Aggregate Interchange, Inc.",DIRT AND AGGREGATE INTERCHANGE INC.,CONTRACTOR,784844.0,784844.0,32,0,0,784844.0000000001,-1.1641532182693481e-10,-1.1641532182693481e-10,1.1641532182693481e-10,1.483292499234686e-16,5.0,0.02,True,OTHER
PDX_2020D009.xlsx,Bid Tabulation,2020D009,2023-10179,2023-05-05,Bid Tabulation,BASE,,Engineer's Estimate,ENGINEER'S ESTIMATE,ENGINEERS_ESTIMATE,868026.0,868026.0,32,0,0,868026.0,0.0,0.0,0.0,0.0,5.0,0.02,True,OTHER
PDX_2020D009.xlsx,Bid Tabulation,2020D009,2023-10179,2023-05-05,Bid Tabulation,BASE,,Kodiak Pacific Construction,KODIAK PACIFIC CONSTRUCTION,CONTRACTOR,787786.5,787786.5,32,0,0,787786.5,0.0,0.0,0.0,0.0,5.0,0.02,True,OTHER
PDX_2020D022.xlsx,Bid Tabulation,2020D022,2021-9127,2021-12-16,Bid Tabulation,BASE,,Engineer's Estimate,ENGINEER'S ESTIMATE,ENGINEERS_ESTIMATE,927553.0,927553.0,27,0,0,927553.0,0.0,0.0,0.0,0.0,5.0,0.02,True,OTHER
PDX_2020D022.xlsx,Bid Tabulation,2020D022,2021-9127,2021-12-16,Bid Tabulation,BASE,,Granite Construction Company,GRANITE CONSTRUCTION COMPANY,CONTRACTOR,1166116.0,1166116.0,27,0,0,1166116.0,0.0,0.0,0.0,0.0,5.0,0.02,True,OTHER
PDX_2020D022.xlsx,Bid Tabulation,2020D022,2021-9127,2021-12-16,Bid Tabulation,BASE,,Kerr Contractors Oregon LLC,KERR CONTRACTORS OREGON LLC,CONTRACTOR,1107892.6,1107892.6,27,0,0,1107892.6,0.0,0.0,0.0,0.0,5.0,0.02,True,OTHER
PDX_2020D022.xlsx,Bid Tabulation,2020D022,2021-9127,2021-12-16,Bid Tabulation,BASE,,Knife River Corporation - Northwest,KNIFE RIVER CORPORATION - NORTHWEST,CONTRACTOR,1327206.5,1327206.5,27,0,0,1327206.5,0.0,0.0,0.0,0.0,5.0,0.02,True,OTHER
PDX_2020D022.xlsx,Bid Tabulation,2020D022,2021-9127,2021-12-16,Bid Tabulation,BASE,,"Lakeside Industries, Inc.",LAKESIDE INDUSTRIES INC.,CONTRACTOR,1098785.0,1098785.0,27,0,0,1098785.0,0.0,0.0,0.0,0.0,5.0,0.02,True,OTHER
PDX_2020D022.xlsx,Bid Tabulation,2020D022,2021-9127,2021-12-16,Bid Tabulation,BASE,,Weitman Excavation,WEITMAN EXCAVATION,CONTRACTOR,1485471.0,1485471.0,27,0,0,1485471.0,0.0,0.0,0.0,0.0,5.0,0.02,True,OTHER
PDX_2020D022.xlsx,Bid Tabulation,2020D022,2021-9127,2021-12-16,Bid Tabulation,BASE,,Wildish Standard Paving Co.,WILDISH STANDARD PAVING CO.,CONTRACTOR,1100732.0,1100732.0,27,0,0,1100732.0,0.0,0.0,0.0,0.0,5.0,0.02,True,OTHER
PDX_2021D007 Bid Tab.xlsx,Bid Tab Schedule 1,2021D007,2022-9477,2023-01-30,Bid Tab Schedule 1,BASE,,Engineer's Estimate,ENGINEER'S ESTIMATE,ENGINEERS_ESTIMATE,456448.14999999997,456448.14999999997,18,0,0,456448.15,-5.820766091346741e-11,-5.820766091346741e-11,5.820766091346741e-11,1.275230514429019e-16,5.0,0.02,True,OTHER
PDX_2021D007 Bid Tab.xlsx,Bid Tab Schedule 1,2021D007,2022-9477,2023-01-30,Bid Tab Schedule 1,BASE,,Fortis Construction Inc.,FORTIS CONSTRUCTION INC.,CONTRACTOR,453834.2,453834.2,18,0,0,453834.2,0.0,0.0,0.0,0.0,5.0,0.02,True,OTHER
PDX_2021D007 Bid Tab.xlsx,Bid Tab Schedule 1,2021D007,2022-9477,2023-01-30,Bid Tab Schedule 1,BASE,,Inline Commercial Construction Inc.,INLINE COMMERCIAL CONSTRUCTION INC.,CONTRACTOR,883714.1936,883714.1936,18,0,0,883714.1936,0.0,0.0,0.0,0.0,5.0,0.02,True,OTHER
PDX_2021D007 Bid Tab.xlsx,Bid Tab Schedule 2,2021D007,2022-9477,2023-01-30,Bid Tab Schedule 2,BASE,,Engineer's Estimate,ENGINEER'S ESTIMATE,ENGINEERS_ESTIMATE,18200.0,18200.0,1,0,0,474648.15,-456448.15,-456448.15,456448.15,0.9616558075703023,5.0,0.02,False,OTHER
PDX_2021D007 Bid Tab.xlsx,Bid Tab Schedule 2,2021D007,2022-9477,2023-01-30,Bid Tab Schedule 2,BASE,,Fortis Construction Inc.,FORTIS CONSTRUCTION INC.,CONTRACTOR,10972.0,10972.0,1,0,0,464806.2,-453834.2,-453834.2,453834.2,0.9763944628965793,5.0,0.02,False,OTHER
PDX_2021D007 Bid Tab.xlsx,Bid Tab Schedule 2,2021D007,2022-9477,2023-01-30,Bid Tab Schedule 2,BASE,,Inline Commercial Construction Inc.,INLINE COMMERCIAL CONSTRUCTION INC.,CONTRACTOR,23676.0,23676.0,1,0,0,907390.1936,-883714.1936,-883714.1936,883714.1936,0.9739075866512649,5.0,0.02,False,OTHER
PDX_2023D003.xlsx,Alternate 1 Tab,2023D003,2024-10481,2024-03-26,Alternate 1 Tab,ALTERNATE,ALT_1,Engineer's Estimate,ENGINEER'S ESTIMATE,ENGINEERS_ESTIMATE,4682259.45,4682259.45,25,0,0,4682259.45,0.0,0.0,0.0,0.0,5.0,0.02,True,OTHER
PDX_2023D003.xlsx,Alternate 1 Tab,2023D003,2024-10481,2024-03-26,Alternate 1 Tab,ALTERNATE,ALT_1,"Fortis Construction, Inc.",FORTIS CONSTRUCTION INC.,CONTRACTOR,2405600.23,2405600.23,25,0,0,2405600.23,0.0,0.0,0.0,0.0,5.0,0.02,True,OTHER
PDX_2023D003.xlsx,Alternate 1 Tab,2023D003,2024-10481,2024-03-26,Alternate 1 Tab,ALTERNATE,ALT_1,"Northeast Electric, LLC",NORTHEAST ELECTRIC LLC,CONTRACTOR,2275969.0,2275969.0,25,0,0,2275969.0,0.0,0.0,0.0,0.0,5.0,0.02,True,OTHER
PDX_2023D003.xlsx,Alternate 2 Tab,2023D003,2024-10481,2024-03-26,Alternate 2 Tab,ALTERNATE,ALT_2,Engineer's Estimate,ENGINEER'S ESTIMATE,ENGINEERS_ESTIMATE,5771816.6,5771816.6,19,0,0,5771816.6,0.0,0.0,0.0,0.0,5.0,0.02,True,OTHER
PDX_2023D003.xlsx,Alternate 2 Tab,2023D003,2024-10481,2024-03-26,Alternate 2 Tab,ALTERNATE,ALT_2,"Fortis Construction, Inc.",FORTIS CONSTRUCTION INC.,CONTRACTOR,2840799.44,2840799.44,19,0,0,2840799.4400000004,-4.656612873077393e-10,-4.656612873077393e-10,4.656612873077393e-10,1.6391909993749478e-16,5.0,0.02,True,OTHER
PDX_2023D003.xlsx,Alternate 2 Tab,2023D003,2024-10481,2024-03-26,Alternate 2 Tab,ALTERNATE,ALT_2,"Northeast Electric, LLC",NORTHEAST ELECTRIC LLC,CONTRACTOR,2580308.0,2580308.0,19,0,0,2580308.0,0.0,0.0,0.0,0.0,5.0,0.02,True,OTHER
PDX_2023D003.xlsx,Alternate 3 Tab,2023D003,2024-10481,2024-03-26,Alternate 3 Tab,ALTERNATE,ALT_3,Engineer's Estimate,ENGINEER'S ESTIMATE,ENGINEERS_ESTIMATE,966358.25,966358.25,20,0,0,966358.25,0.0,0.0,0.0,0.0,5.0,0.02,True,OTHER
PDX_2023D003.xlsx,Alternate 3 Tab,2023D003,2024-10481,2024-03-26,Alternate 3 Tab,ALTERNATE,ALT_3,"Fortis Construction, Inc.",FORTIS CONSTRUCTION INC.,CONTRACTOR,841079.71,841079.71,20,0,0,841079.71,0.0,0.0,0.0,0.0,5.0,0.02,True,OTHER
PDX_2023D003.xlsx,Alternate 3 Tab,2023D003,2024-10481,2024-03-26,Alternate 3 Tab,ALTERNATE,ALT_3,"Northeast Electric, LLC",NORTHEAST ELECTRIC LLC,CONTRACTOR,411573.0,411573.0,20,0,0,411573.0,0.0,0.0,0.0,0.0,5.0,0.02,True,OTHER
PDX_2023D003.xlsx,Alternate 4 Tab,2023D003,2024-10481,2024-03-26,Alternate 4 Tab,ALTERNATE,ALT_4,Engineer's Estimate,ENGINEER'S ESTIMATE,ENGINEERS_ESTIMATE,780307.55,780307.55,22,0,0,780307.55,0.0,0.0,0.0,0.0,5.0,0.02,True,OTHER
PDX_2023D003.xlsx,Alternate 4 Tab,2023D003,2024-10481,2024-03-26,Alternate 4 Tab,ALTERNATE,ALT_4,"Fortis Construction, Inc.",FORTIS CONSTRUCTION INC.,CONTRACTOR,518802.99,518802.99,22,0,0,518802.99000000005,-5.820766091346741e-11,-5.820766091346741e-11,5.820766091346741e-11,1.121960783484833e-16,5.0,0.02,True,OTHER
PDX_2023D003.xlsx,Alternate 4 Tab,2023D003,2024-10481,2024-03-26,Alternate 4 Tab,ALTERNATE,ALT_4,"Northeast Electric, LLC",NORTHEAST ELECTRIC LLC,CONTRACTOR,382289.0,382289.0,22,0,0,382289.0,0.0,0.0,0.0,0.0,5.0,0.02,True,OTHER
PDX_2023D003.xlsx,Base Bid Tab,2023D003,2024-10481,2024-03-26,Base Bid Tab,BASE,,Engineer's Estimate,ENGINEER'S ESTIMATE,ENGINEERS_ESTIMATE,14797443.2,14797443.2,21,0,0,14797443.2,0.0,0.0,0.0,0.0,5.0,0.02,True,OTHER
PDX_2023D003.xlsx,Base Bid Tab,2023D003,2024-10481,2024-03-26,Base Bid Tab,BASE,,"Fortis Construction, Inc.",FORTIS CONSTRUCTION INC.,CONTRACTOR,6387362.33,6387362.33,21,0,0,6387362.329999999,9.313225746154785e-10,9.313225746154785e-10,9.313225746154785e-10,1.4580706816039957e-16,5.0,0.02,True,OTHER
PDX_2023D003.xlsx,Base Bid Tab,2023D003,2024-10481,2024-03-26,Base Bid Tab,BASE,,"Northeast Electric, LLC",NORTHEAST ELECTRIC LLC,CONTRACTOR,7573242.0,7573242.0,21,0,0,7573242.0,0.0,0.0,0.0,0.0,5.0,0.02,True,OTHER
PDX_2023D011.xlsx,Alternate Bid Tabulation,2023D011,2023-10218,2025-01-14,Alternate Bid Tabulation,ALTERNATE,ALT_BID,Coffman Excavation,COFFMAN EXCAVATION,CONTRACTOR,402928.0,402928.0,11,0,0,10027274.25,-9624346.25,-9624346.25,9624346.25,0.9598167966733332,5.0,0.02,False,OTHER
PDX_2023D011.xlsx,Alternate Bid Tabulation,2023D011,2023-10218,2025-01-14,Alternate Bid Tabulation,ALTERNATE,ALT_BID,Engineer's Estimate,ENGINEER'S ESTIMATE,ENGINEERS_ESTIMATE,483561.5,483561.5,11,0,0,11693605.75,-11210044.25,-11210044.25,11210044.25,0.9586473573388602,5.0,0.02,False,OTHER
PDX_2023D011.xlsx,Alternate Bid Tabulation,2023D011,2023-10218,2025-01-14,Alternate Bid Tabulation,ALTERNATE,ALT_BID,Granite Construction Company,GRANITE CONSTRUCTION COMPANY,CONTRACTOR,417263.04000000004,417263.04000000004,11,0,0,10695258.719999997,-10277995.679999996,-10277995.679999996,10277995.679999996,0.9609861667750286,5.0,0.02,False,OTHER
PDX_2023D011.xlsx,Alternate Bid Tabulation,2023D011,2023-10218,2025-01-14,Alternate Bid Tabulation,ALTERNATE,ALT_BID,"K&E Excavating, Inc.",K&E EXCAVATING INC.,CONTRACTOR,445607.5,445607.5,11,0,0,10015432.05,-9569824.55,-9569824.55,9569824.55,0.9555079104151079,5.0,0.02,False,OTHER
PDX_2023D011.xlsx,Alternate Bid Tabulation,2023D011,2023-10218,2025-01-14,Alternate Bid Tabulation,ALTERNATE,ALT_BID,"Kerr Contractors Oregon, LLC",KERR CONTRACTORS OREGON LLC,CONTRACTOR,364091.75,364091.75,11,0,0,9649950.899999999,-9285859.149999999,-9285859.149999999,9285859.149999999,0.9622700930011986,5.0,0.02,False,OTHER
PDX_2023D011.xlsx,Alternate Bid Tabulation,2023D011,2023-10218,2025-01-14,Alternate Bid Tabulation,ALTERNATE,ALT_BID,"Tapani, Inc.",TAPANI INC.,CONTRACTOR,428765.0,428765.0,11,0,0,9419765.0,-8991000.0,-8991000.0,8991000.0,0.9544824101238194,5.0,0.02,False,OTHER
PDX_2023D011.xlsx,Base Bid Tabulation,2023D011,2023-10218,2025-01-14,Base Bid Tabulation,BASE,,Coffman Excavation,COFFMAN EXCAVATION,CONTRACTOR,9624346.25,9624346.25,69,0,0,9624346.25,0.0,0.0,0.0,0.0,5.0,0.02,True,OTHER
PDX_2023D011.xlsx,Base Bid Tabulation,2023D011,2023-10218,2025-01-14,Base Bid Tabulation,BASE,,Engineer's Estimate,ENGINEER'S ESTIMATE,ENGINEERS_ESTIMATE,11210044.25,11210044.25,69,0,0,11210044.25,0.0,0.0,0.0,0.0,5.0,0.02,True,OTHER
PDX_2023D011.xlsx,Base Bid Tabulation,2023D011,2023-10218,2025-01-14,Base Bid Tabulation,BASE,,Granite Construction Company,GRANITE CONSTRUCTION COMPANY,CONTRACTOR,10277995.68,10277995.68,69,0,0,10277995.679999998,1.862645149230957e-09,1.862645149230957e-09,1.862645149230957e-09,1.8122649660726044e-16,5.0,0.02,True,OTHER
PDX_2023D011.xlsx,Base Bid Tabulation,2023D011,2023-10218,2025-01-14,Base Bid Tabulation,BASE,,"K&E Excavating, Inc.",K&E EXCAVATING INC.,CONTRACTOR,9569824.55,9569824.55,69,0,0,9569824.55,0.0,0.0,0.0,0.0,5.0,0.02,True,OTHER
PDX_2023D011.xlsx,Base Bid Tabulation,2023D011,2023-10218,2025-01-14,Base Bid Tabulation,BASE,,"Kerr Contractors Oregon, LLC",KERR CONTRACTORS OREGON LLC,CONTRACTOR,9285859.15,9285859.15,69,0,0,9285859.149999999,1.862645149230957e-09,1.862645149230957e-09,1.862645149230957e-09,2.0058942518323222e-16,5.0,0.02,True,OTHER
PDX_2023D011.xlsx,Base Bid Tabulation,2023D011,2023-10218,2025-01-14,Base Bid Tabulation,BASE,,"Tapani, Inc.",TAPANI INC.,CONTRACTOR,8991000.0,8991000.0,69,0,0,8991000.0,0.0,0.0,0.0,0.0,5.0,0.02,True,OTHER
PDX_2023D016.xlsx,Alternate Bid Tabulation,2023D016,2025-12566,2025-12-19,Alternate Bid Tabulation,ALTERNATE,ALT_BID,Engineer's Estimate,ENGINEER'S ESTIMATE,ENGINEERS_ESTIMATE,268712.5,268712.5,9,0,0,7882978.0,-7614265.5,-7614265.5,7614265.5,0.965912311311791,5.0,0.02,False,OTHER
PDX_2023D016.xlsx,Alternate Bid Tabulation,2023D016,2025-12566,2025-12-19,Alternate Bid Tabulation,ALTERNATE,ALT_BID,"K&E Excavating, Inc.",K&E EXCAVATING INC.,CONTRACTOR,218040.4,218040.4,9,0,0,7666817.4,-7448777.0,-7448777.0,7448777.0,0.9715605069712498,5.0,0.02,False,OTHER
PDX_2023D016.xlsx,Alternate Bid Tabulation,2023D016,2025-12566,2025-12-19,Alternate Bid Tabulation,ALTERNATE,ALT_BID,"Kerr Contractors Oregon, LLC",KERR CONTRACTORS OREGON LLC,CONTRACTOR,168668.55,168668.55,9,0,0,6297839.55,-6129171.0,-6129171.0,6129171.0,0.9732180299829963,5.0,0.02,False,OTHER
PDX_2023D016.xlsx,Alternate Bid Tabulation,2023D016,2025-12566,2025-12-19,Alternate Bid Tabulation,ALTERNATE,ALT_BID,Kodiak Pacific Construction,KODIAK PACIFIC CONSTRUCTION,CONTRACTOR,211109.0,211109.0,9,0,0,6799156.0,-6588047.0,-6588047.0,6588047.0,0.9689507050580984,5.0,0.02,False,OTHER
PDX_2023D016.xlsx,Alternate Bid Tabulation,2023D016,2025-12566,2025-12-19,Alternate Bid Tabulation,ALTERNATE,ALT_BID,Tapani Inc.,TAPANI INC.,CONTRACTOR,332136.25,332136.25,9,0,0,6956929.25,-6624793.0,-6624793.0,6624793.0,0.9522582107615942,5.0,0.02,False,OTHER
PDX_2023D016.xlsx,Alternate Bid Tabulation,2023D016,2025-12566,2025-12-19,Alternate Bid Tabulation,ALTERNATE,ALT_BID,Western United Civil Group LLC,WESTERN UNITED CIVIL GROUP LLC,CONTRACTOR,237385.25,237385.25,9,0,0,6774984.25,-6537599.0,-6537599.0,6537599.0,0.964961505261064,5.0,0.02,False,OTHER
PDX_2023D016.xlsx,Base Bid Tabulation,2023D016,2025-12566,2025-12-19,Base Bid Tabulation,BASE,,Engineer's Estimate,ENGINEER'S ESTIMATE,ENGINEERS_ESTIMATE,7614265.5,7614265.5,61,0,0,7614265.5,0.0,0.0,0.0,0.0,5.0,0.02,True,OTHER
PDX_2023D016.xlsx,Base Bid Tabulation,2023D016,2025-12566,2025-12-19,Base Bid Tabulation,BASE,,"K&E Excavating, Inc.",K&E EXCAVATING INC.,CONTRACTOR,7448777.0,7448777.0,61,0,0,7448777.0,0.0,0.0,0.0,0.0,5.0,0.02,True,OTHER
PDX_2023D016.xlsx,Base Bid Tabulation,2023D016,2025-12566,2025-12-19,Base Bid Tabulation,BASE,,"Kerr Contractors Oregon, LLC",KERR CONTRACTORS OREGON LLC,CONTRACTOR,6129171.0,6129171.0,61,0,0,6129171.0,0.0,0.0,0.0,0.0,5.0,0.02,True,OTHER
PDX_2023D016.xlsx,Base Bid Tabulation,2023D016,2025-12566,2025-12-19,Base Bid Tabulation,BASE,,Kodiak Pacific Construction,KODIAK PACIFIC CONSTRUCTION,CONTRACTOR,6588047.0,6588047.0,61,0,0,6588047.0,0.0,0.0,0.0,0.0,5.0,0.02,True,OTHER
PDX_2023D016.xlsx,Base Bid Tabulation,2023D016,2025-12566,2025-12-19,Base Bid Tabulation,BASE,,Tapani Inc.,TAPANI INC.,CONTRACTOR,6624793.0,6624793.0,61,0,0,6624793.0,0.0,0.0,0.0,0.0,5.0,0.02,True,OTHER
PDX_2023D016.xlsx,Base Bid Tabulation,2023D016,2025-12566,2025-12-19,Base Bid Tabulation,BASE,,Western United Civil Group LLC,WESTERN UNITED CIVIL GROUP LLC,CONTRACTOR,6537599.0,6537599.0,61,0,0,6537599.0,0.0,0.0,0.0,0.0,5.0,0.02,True,OTHER
PDX_2023D028.xlsx,Bid Tabulation,2023D028,2024-10569,2025-02-09,Bid Tabulation,BASE,,"Brix Paving Northwest, Inc.",BRIX PAVING NORTHWEST INC.,CONTRACTOR,883359.0,883359.0,22,0,0,883359.0,0.0,0.0,0.0,0.0,5.0,0.02,True,OTHER
PDX_2023D028.xlsx,Bid Tabulation,2023D028,2024-10569,2025-02-09,Bid Tabulation,BASE,,Dirt & Aggregate Interchange,DIRT & AGGREGATE INTERCHANGE,CONTRACTOR,1036363.0,1036363.0,22,0,0,1036363.0,0.0,0.0,0.0,0.0,5.0,0.02,True,OTHER
PDX_2023D028.xlsx,Bid Tabulation,2023D028,2024-10569,2025-02-09,Bid Tabulation,BASE,,Engineer's Estimate,ENGINEER'S ESTIMATE,ENGINEERS_ESTIMATE,1061560.0,1061560.0,22,0,0,1061560.0,0.0,0.0,0.0,0.0,5.0,0.02,True,OTHER
PDX_2023D028.xlsx,Bid Tabulation,2023D028,2024-10569,2025-02-09,Bid Tabulation,BASE,,"Kerr Contractors Oregon, LLC",KERR CONTRACTORS OREGON LLC,CONTRACTOR,924030.0,924030.0,22,0,0,924030.0,0.0,0.0,0.0,0.0,5.0,0.02,True,OTHER
PDX_2023D028.xlsx,Bid Tabulation,2023D028,2024-10569,2025-02-09,Bid Tabulation,BASE,,Knife River Corporation - Northwest,KNIFE RIVER CORPORATION - NORTHWEST,CONTRACTOR,837843.5,837843.5,22,0,0,837843.5,0.0,0.0,0.0,0.0,5.0,0.02,True,OTHER
PDX_2023D028.xlsx,Bid Tabulation,2023D028,2024-10569,2025-02-09,Bid Tabulation,BASE,,Kodiak Pacific Construction,KODIAK PACIFIC CONSTRUCTION,CONTRACTOR,790790.0,790790.0,22,0,0,790790.0,0.0,0.0,0.0,0.0,5.0,0.02,True,OTHER
PDX_2023D028.xlsx,Bid Tabulation,2023D028,2024-10569,2025-02-09,Bid Tabulation,BASE,,"Pacific Excavation, Inc.",PACIFIC EXCAVATION INC.,CONTRACTOR,997000.0,997000.0,22,0,0,997000.0,0.0,0.0,0.0,0.0,5.0,0.02,True,OTHER
PDX_2024D016 - Bid Set Bid Tab.xlsx,Bid Tabulation,2024D016,2025-12724,2026-01-07,Bid Tabulation,BASE,,Apex Mechanical LLC,APEX MECHANICAL LLC,CONTRACTOR,4249540.755,4249540.755,34,0,0,4249540.754999999,9.313225746154785e-10,9.313225746154785e-10,9.313225746154785e-10,2.1915840518053315e-16,5.0,0.02,True,OTHER
PDX_2024D016 - Bid Set Bid Tab.xlsx,Bid Tabulation,2024D016,2025-12724,2026-01-07,Bid Tabulation,BASE,,Coffman Excavation,COFFMAN EXCAVATION,CONTRACTOR,3725047.1,3725047.1,34,0,0,3725047.1,0.0,0.0,0.0,0.0,5.0,0.02,True,OTHER
PDX_2024D016 - Bid Set Bid Tab.xlsx,Bid Tabulation,2024D016,2025-12724,2026-01-07,Bid Tabulation,BASE,,Engineer's Estimate,ENGINEER'S ESTIMATE,ENGINEERS_ESTIMATE,3750841.7,3750841.7,34,0,0,3750841.7,0.0,0.0,0.0,0.0,5.0,0.02,True,OTHER
PDX_2024D016 - Bid Set Bid Tab.xlsx,Bid Tabulation,2024D016,2025-12724,2026-01-07,Bid Tabulation,BASE,,Goodfellow Bros. LLC,GOODFELLOW BROS LLC,CONTRACTOR,4508106.5,4508106.5,34,0,0,4508106.5,0.0,0.0,0.0,0.0,5.0,0.02,True,OTHER
PDX_2024D016 - Bid Set Bid Tab.xlsx,Bid Tabulation,2024D016,2025-12724,2026-01-07,Bid Tabulation,BASE,,"Interlaken, Inc.",INTERLAKEN INC.,CONTRACTOR,4186136.0,4186136.0,34,0,0,4186136.0,0.0,0.0,0.0,0.0,5.0,0.02,True,OTHER
PDX_2024D016 - Bid Set Bid Tab.xlsx,Bid Tabulation,2024D016,2025-12724,2026-01-07,Bid Tabulation,BASE,,"K&E Excavating, Inc.",K&E EXCAVATING INC.,CONTRACTOR,3389211.5,3389211.5,34,0,0,3389211.5,0.0,0.0,0.0,0.0,5.0,0.02,True,OTHER
PDX_2024D016 - Bid Set Bid Tab.xlsx,Bid Tabulation,2024D016,2025-12724,2026-01-07,Bid Tabulation,BASE,,"Kerr Contractors Oregon, LLC",KERR CONTRACTORS OREGON LLC,CONTRACTOR,4894385.3,4894385.3,34,0,0,4894385.3,0.0,0.0,0.0,0.0,5.0,0.02,True,OTHER
PDX_2024D016 - Bid Set Bid Tab.xlsx,Bid Tabulation,2024D016,2025-12724,2026-01-07,Bid Tabulation,BASE,,"Landis+Landis Construction, LLC",LANDIS+LANDIS CONSTRUCTION LLC,CONTRACTOR,4444240.2,4444240.2,34,0,0,4444240.2,0.0,0.0,0.0,0.0,5.0,0.02,True,OTHER
PDX_2024D016 - Bid Set Bid Tab.xlsx,Bid Tabulation,2024D016,2025-12724,2026-01-07,Bid Tabulation,BASE,,MJ Hughes Construction,MJ HUGHES CONSTRUCTION,CONTRACTOR,4826299.0,4826299.0,34,0,0,4826299.0,0.0,0.0,0.0,0.0,5.0,0.02,True,OTHER
PDX_2024D016 - Bid Set Bid Tab.xlsx,Bid Tabulation,2024D016,2025-12724,2026-01-07,Bid Tabulation,BASE,,"Moore Excavation, Inc.",MOORE EXCAVATION INC.,CONTRACTOR,3317066.0,3317066.0,34,0,0,3317066.0,0.0,0.0,0.0,0.0,5.0,0.02,True,OTHER
PDX_2024D016 - Bid Set Bid Tab.xlsx,Bid Tabulation,2024D016,2025-12724,2026-01-07,Bid Tabulation,BASE,,Nutter Corporation,NUTTER CORPORATION,CONTRACTOR,2940525.0,2940525.0,34,0,0,2940525.0,0.0,0.0,0.0,0.0,5.0,0.02,True,OTHER
PDX_2024D016 - Bid Set Bid Tab.xlsx,Bid Tabulation,2024D016,2025-12724,2026-01-07,Bid Tabulation,BASE,,Tapani Inc.,TAPANI INC.,CONTRACTOR,3079845.8,3079845.8,34,0,0,3079845.8,0.0,0.0,0.0,0.0,5.0,0.02,True,OTHER
PDX_2024D045.xlsx,Bid Tabulation,2024D045,2024-10691,2025-03-19,Bid Tabulation,BASE,,"Acme Concrete Paving, Inc.",ACME CONCRETE PAVING INC.,CONTRACTOR,1347131.5,1347131.5,13,0,0,1347131.5,0.0,0.0,0.0,0.0,5.0,0.02,True,OTHER
PDX_2024D045.xlsx,Bid Tabulation,2024D045,2024-10691,2025-03-19,Bid Tabulation,BASE,,"C.R. Contracting, LLC",C.R CONTRACTING LLC,CONTRACTOR,681107.1,681107.1,13,0,0,681107.1,0.0,0.0,0.0,0.0,5.0,0.02,True,OTHER
PDX_2024D045.xlsx,Bid Tabulation,2024D045,2024-10691,2025-03-19,Bid Tabulation,BASE,,Engineer's Estimate,ENGINEER'S ESTIMATE,ENGINEERS_ESTIMATE,991760.0,991760.0,13,0,0,991760.0,0.0,0.0,0.0,0.0,5.0,0.02,True,OTHER
PDX_2024D045.xlsx,Bid Tabulation,2024D045,2024-10691,2025-03-19,Bid Tabulation,BASE,,"Pullman SST, Inc.",PULLMAN SST INC.,CONTRACTOR,945062.7,0.0,13,0,13,945062.7000000001,-1.1641532182693481e-10,-945062.7000000001,1.1641532182693481e-10,1.2318264367743515e-16,5.0,0.02,True,PLACEHOLDERS
PDX_2024D045.xlsx,Bid Tabulation,2024D045,2024-10691,2025-03-19,Bid Tabulation,BASE,,Roger Langeliers Construction Co.,ROGER LANGELIERS CONSTRUCTION CO.,CONTRACTOR,697331.7999999999,697331.7999999999,13,0,0,697331.7999999999,0.0,0.0,0.0,0.0,5.0,0.02,True,OTHER
T5 Berth 503 Rehab Bid Tab.xlsx,Bid Tabulation,2021D025,2022-9690,2026-01-20,Bid Tabulation,BASE,,Engineer's Estimate,ENGINEER'S ESTIMATE,ENGINEERS_ESTIMATE,3787247.2,3787247.2,25,0,0,3787247.2,0.0,0.0,0.0,0.0,5.0,0.02,True,OTHER
T5 Berth 503 Rehab Bid Tab.xlsx,Bid Tabulation,2021D025,2022-9690,2026-01-20,Bid Tabulation,BASE,,Hamilton Construction Co.,HAMILTON CONSTRUCTION CO.,CONTRACTOR,5839225.0,5839225.0,25,0,0,5839225.0,0.0,0.0,0.0,0.0,5.0,0.02,True,OTHER
T5 Berth 503 Rehab Bid Tab.xlsx,Bid Tabulation,2021D025,2022-9690,2026-01-20,Bid Tabulation,BASE,,Stellar J Corporation,STELLAR J CORPORATION,CONTRACTOR,5633570.0,5633570.0,25,0,0,5633570.0,0.0,0.0,0.0,0.0,5.0,0.02,True,OTHER
TTD Runway 25 Bid Tab.xlsx,Bid Tabulation,2021D017,2022-8514,2025-04-08,Bid Tabulation,BASE,,"C.R. Contracting, LLC",C.R CONTRACTING LLC,CONTRACTOR,624650.51,624650.51,28,0,0,624650.51,0.0,0.0,0.0,0.0,5.0,0.02,True,OTHER
TTD Runway 25 Bid Tab.xlsx,Bid Tabulation,2021D017,2022-8514,2025-04-08,Bid Tabulation,BASE,,Engineer's Estimate,ENGINEER'S ESTIMATE,ENGINEERS_ESTIMATE,740698.0,740698.0,28,0,0,740698.0,0.0,0.0,0.0,0.0,5.0,0.02,True,OTHER
TTD Runway 25 Bid Tab.xlsx,Bid Tabulation,2021D017,2022-8514,2025-04-08,Bid Tabulation,BASE,,Granite Construction Company,GRANITE CONSTRUCTION COMPANY,CONTRACTOR,873222.22,873222.22,28,0,0,873222.22,0.0,0.0,0.0,0.0,5.0,0.02,True,OTHER
Taxiway T Bid Tab.xlsx,Bid Tab Schedule A,2018D027,2019-8247,2020-01-16,Bid Tab Schedule A,BASE,,Engineer's Estimate,ENGINEER'S ESTIMATE,ENGINEERS_ESTIMATE,4560860.5,4560860.5,66,0,0,4560860.5,0.0,0.0,0.0,0.0,5.0,0.02,True,OTHER
Taxiway T Bid Tab.xlsx,Bid Tab Schedule A,2018D027,2019-8247,2020-01-16,Bid Tab Schedule A,BASE,,"K&E Excavating, Inc.",K&E EXCAVATING INC.,CONTRACTOR,5344757.8,5344757.8,66,0,0,5344757.8,0.0,0.0,0.0,0.0,5.0,0.02,True,OTHER
Taxiway T Bid Tab.xlsx,Bid Tab Schedule A,2018D027,2019-8247,2020-01-16,Bid Tab Schedule A,BASE,,Kerr Contractors Oregon LLC,KERR CONTRACTORS OREGON LLC,CONTRACTOR,4584205.0,4584205.0,66,0,0,4584205.0,0.0,0.0,0.0,0.0,5.0,0.02,True,OTHER
Taxiway T Bid Tab.xlsx,Bid Tab Schedule A,2018D027,2019-8247,2020-01-16,Bid Tab Schedule A,BASE,,Kodiak Pacific Construction,KODIAK PACIFIC CONSTRUCTION,CONTRACTOR,5787969.0,5787969.0,66,0,0,5787969.0,0.0,0.0,0.0,0.0,5.0,0.02,True,OTHER
Taxiway T Bid Tab.xlsx,Bid Tab Schedule A,2018D027,2019-8247,2020-01-16,Bid Tab Schedule A,BASE,,Nutter Corporation,NUTTER CORPORATION,CONTRACTOR,5063878.22,5063878.22,66,0,0,5063878.220000001,-9.313225746154785e-10,-9.313225746154785e-10,9.313225746154785e-10,1.8391488384084372e-16,5.0,0.02,True,OTHER
Taxiway T Bid Tab.xlsx,Bid Tab Schedule A,2018D027,2019-8247,2020-01-16,Bid Tab Schedule A,BASE,,"Tapani, Inc.",TAPANI INC.,CONTRACTOR,4473275.5,4473275.5,66,0,0,4473275.5,0.0,0.0,0.0,0.0,5.0,0.02,True,OTHER
Taxiway T Bid Tab.xlsx,Bid Tab Schedule B,2018D027,2019-8247,2020-01-16,Bid Tab Schedule B,BASE,,Engineer's Estimate,ENGINEER'S ESTIMATE,ENGINEERS_ESTIMATE,3795745.75,3795745.75,43,0,0,8356606.25,-4560860.5,-4560860.5,4560860.5,0.5457790355983327,5.0,0.02,False,OTHER
Taxiway T Bid Tab.xlsx,Bid Tab Schedule B,2018D027,2019-8247,2020-01-16,Bid Tab Schedule B,BASE,,"K&E Excavating, Inc.",K&E EXCAVATING INC.,CONTRACTOR,4832397.5,4832397.5,43,0,0,10177155.3,-5344757.800000001,-5344757.800000001,5344757.800000001,0.5251720782918583,5.0,0.02,False,OTHER
Taxiway T Bid Tab.xlsx,Bid Tab Schedule B,2018D027,2019-8247,2020-01-16,Bid Tab Schedule B,BASE,,Kerr Contractors Oregon LLC,KERR CONTRACTORS OREGON LLC,CONTRACTOR,4509067.7,4498267.7,43,0,1,9093272.7,-4584204.999999999,-4595004.999999999,4584204.999999999,0.504131477328289,5.0,0.02,False,PLACEHOLDERS
Taxiway T Bid Tab.xlsx,Bid Tab Schedule B,2018D027,2019-8247,2020-01-16,Bid Tab Schedule B,BASE,,Kodiak Pacific Construction,KODIAK PACIFIC CONSTRUCTION,CONTRACTOR,4770589.0,4770589.0,43,0,0,10558558.0,-5787969.0,-5787969.0,5787969.0,0.5481779803643642,5.0,0.02,False,OTHER
Taxiway T Bid Tab.xlsx,Bid Tab Schedule B,2018D027,2019-8247,2020-01-16,Bid Tab Schedule B,BASE,,Nutter Corporation,NUTTER CORPORATION,CONTRACTOR,4533024.0,4533024.0,43,0,0,9596902.22,-5063878.220000001,-5063878.220000001,5063878.220000001,0.5276575819900351,5.0,0.02,False,OTHER
Taxiway T Bid Tab.xlsx,Bid Tab Schedule B,2018D027,2019-8247,2020-01-16,Bid Tab Schedule B,BASE,,"Tapani, Inc.",TAPANI INC.,CONTRACTOR,4115162.5,4115162.5,43,0,0,8588438.0,-4473275.5,-4473275.5,4473275.5,0.5208485524375911,5.0,0.02,False,OTHER
